Item Name,RecordID,Hematite,Bauxite,Coal,Quartz,Limestone,Chromite,Malachite,Natron,Acanthite,Garnierite,Pyrite,Petalite,Gold Nuggets,Cobaltite,Kolbeckite,Cryolite,Columbite,Rhodinite,Illmenite,Vanadinite,Thoramine
Missile Defense Kinetic Ammo XS,recGYkLShvUPxNKLz,,,,,,,,,,,,,,,,,,,,,
Rare Anti-Gravity Core,recGzdc5pddmOg56g,,,,,,,,,,,,,,,,,,,,,
Railgun Antimatter Ammo S,recGDBOfoWUMu0Eke,,,,,,,,,,,,,,,,,,,,,
Railgun Heavy Antimatter Ammo S,recGRxgYa5DLOIoPw,,,,,,,,,,,,,,,,,,,,,
Missile Heavy Antimatter Ammo M,recG7WJlUiqwykUdt,,,,,,,,,,,,,,,,,,,,,
Railgun Defense Electromagnetic Ammo M,recGndFZGoJ2Q2pwZ,,,,,,,,,,,,,,,,,,,,,
Laser Electromagnetic Ammo L,recHXhryCvmofs4WL,,,,,,,,,,,,,,,,,,,,,
Rare Chemical Industry M,recHZYFXwnbihcvoF,,,,,,,,,,,,,,,,,,,,,
Rare Safe Space Engine L,recHvE73pdvLUDotW,,,,,,,,,,,,,,,,,,,,,
Uncommon Chemical Industry M,recHy5UKQSa4XYuoZ,,,,,,,,,,,,,,,,,,,,,
Advanced Injector,recHHmDxL5JzBLhYS,,,,,,,,,,,,,,,,,,,,,
Basic Chemical Container L,recHKWZae9SFsYwng,,,,,,,,,,,,,,,,,,,,,
Railgun Defense Antimatter Ammo XS,recH866Qvz0CQZNJc,,,,,,,,,,,,,,,,,,,,,
Rare Electronics Industry M,recHa5wkyGq1q51Lz,,,,,,,,,,,,,,,,,,,,,
Advanced Control System S,recHg9tbdbJwpKtw9,,,,,,,,,,,,,,,,,,,,,
Railgun Heavy Electromagnetic Ammo M,recIshDTJYhrJf7Kc,,,,,,,,,,,,,,,,,,,,,
Uncommon Electric Engine XL,recIByMag1MKLkyeF,,,,,,,,,,,,,,,,,,,,,
Uncommon Antenna S,recIf48lZMaVW0RSg,,,,,,,,,,,,,,,,,,,,,
Cannon Defense Kinetic Ammo S,recIjfydH5MNAX9BZ,,,,,,,,,,,,,,,,,,,,,
Missile Heavy Kinetic Ammo L,recIkal9WwjzfzjqL,,,,,,,,,,,,,,,,,,,,,
Advanced Standard Frame XS,recIlHKboxZpSNRHi,,,,,,,,,,,,,,,,,,,,,
Railgun Agile Electromagnetic Ammo L,recJY7ZI9eXDDSIh6,,,,,,,,,,,,,,,,,,,,,
Cannon Precision Kinetic Ammo S,recJZp31MhnbeaZCX,,,,,,,,,,,,,,,,,,,,,
Cannon Defense Kinetic Ammo L,recJvobxrEMW5xehN,,,,,,,,,,,,,,,,,,,,,
Railgun Agile Antimatter Ammo S,recJx1m7tq8FTennR,,,,,,,,,,,,,,,,,,,,,
Rare Safe Atmospheric Engine L,recJBmMoch4ZDlOw9,,,,,,,,,,,,,,,,,,,,,
Advanced Safe Space Engine M,recJGqnv2pGmYJTOw,,,,,,,,,,,,,,,,,,,,,
Railgun Electromagnetic Ammo L,recJdq8ro31Zy0Z9N,,,,,,,,,,,,,,,,,,,,,
Laser Heavy Thermic Ammo M,recJeSM0Fx9usN1l7,,,,,,,,,,,,,,,,,,,,,
Advanced Explosive Module,recJfm1CleVDyK9qu,,,,,,,,,,,,,,,,,,,,,
Railgun Precision Antimatter Ammo L,recJjcSgfrBHH8ciy,,,,,,,,,,,,,,,,,,,,,
Sodium Scrap,recJoXZpAldpRucUC,,,,,,,,,,,,,,,,,,,,,
Advanced Assembly Line XL,recJphAGyWEBGAYHO,,,,,,,,,,,,,,,,,,,,,
Acanthite,recKEwvRCiYc1RGRO,,,,,,,,,,,,,,,,,,,,,
Missile Defense Antimatter Ammo S,recKGXtuACW3xdEE2,,,,,,,,,,,,,,,,,,,,,
Cobaltite,recKIrK8nXe8Bh4bU,,,,,,,,,,,,,,,,,,,,,
Rare Antenna S,recKQt3iWFo2PY3TN,,,,,,,,,,,,,,,,,,,,,
Uncommon Assembly Line S,recKQNW9UUSs7fYEd,,,,,,,,,,,,,,,,,,,,,
Cannon Heavy Kinetic Ammo S,recKQR9nEsEfzMHTZ,,,,,,,,,,,,,,,,,,,,,
Missile Agile Antimatter Ammo L,recKREwV2Suhno7d7,,,,,,,,,,,,,,,,,,,,,
Chromium Scrap,recKflECnzOjSsm9d,,,,,,,,,,,,,,,,,,,,,
Basic Core System XS,recKhrtkZl5Hk8UCX,,,,,,,,,,,,,,,,,,,,,
Exotic Antenna M,recKkBs7oEn3d7kE6,,,,,,,,,,,,,,,,,,,,,
Rare Assembly Line S,recKoouiGBzsq3UTO,,,,,,,,,,,,,,,,,,,,,
Pipe D M,recKplgLe4pggJ7bo,,,,,,,,,,,,,,,,,,,,,
Marble Honeycomb,recKrW6xtdlCuLVIn,,,,,,,,,,,,,,,,,,,,,
Exotic Standard Frame L,recLWH8l7yM2agf3g,,,,,,,,,,,,,,,,,,,,,
Uncommon Assembly Line L,recLXZeZLtKR58zHW,,,,,,,,,,,,,,,,,,,,,
Railgun Precision Electromagnetic Ammo XS,recLXvqUUT2cZR90L,,,,,,,,,,,,,,,,,,,,,
Basic Standard Frame L,recLvlMSxVKh1Ro9a,,,,,,,,,,,,,,,,,,,,,
Rare Freight Atmospheric Engine XS,recLBRv1hiNXwxIlz,,,,,,,,,,,,,,,,,,,,,
Laser Agile Electromagnetic Ammo S,recLDDVw6MXxNXn1m,,,,,,,,,,,,,,,,,,,,,
Railgun Agile Antimatter Ammo XS,recLFSeCNtUKORTha,,,,,,,,,,,,,,,,,,,,,
Scandium Scrap,recLJfMOQTBuwHAQI,,,,,,,,,,,,,,,,,,,,,
Missile Precision Antimatter Ammo S,recLLeimGwH1iKAc1,,,,,,,,,,,,,,,,,,,,,
Cannon Thermic Ammo L,recLQH0s1t1NBf8BH,,,,,,,,,,,,,,,,,,,,,
Uncommon Antenna XS,recL481LfUgfSbEbp,,,,,,,,,,,,,,,,,,,,,
Basic Antenna XS,recLeyWJtu0Zj7yYM,,,,,,,,,,,,,,,,,,,,,
Advanced Control System M,recLjZPUpgQTZcDxj,,,,,,,,,,,,,,,,,,,,,
Uncommon Power Transformer M,recLn2FlmOFXXMDPw,,,,,,,,,,,,,,,,,,,,,
Rare Military Atmospheric Engine L,recLpwTQVnGkp8ani,,,,,,,,,,,,,,,,,,,,,
Rare Antenna L,recLqaL5elrd3OJT8,,,,,,,,,,,,,,,,,,,,,
Basic Injector,recMXoJgY0TiIaXRS,,,,,,,,,,,,,,,,,,,,,
Advanced Casing M,recMJYWExkiKP9pBa,,,,,,,,,,,,,,,,,,,,,
Carbon Scrap,recMO4efvRkOZSbRR,,,,,,,,,,,,,,,,,,,,,
Advanced Solid Warhead,recMP1pO5l5pNiqb5,,,,,,,,,,,,,,,,,,,,,
Basic Chemical Container XS,recMa87wrL0OS0BQc,,,,,,,,,,,,,,,,,,,,,
Railgun Defense Antimatter Ammo S,recMjTHlMHyZYf2gY,,,,,,,,,,,,,,,,,,,,,
Rare  Recycler M,recMnY4J7qevUbTzr,,,,,,,,,,,,,,,,,,,,,
Basic Mobile Panel M,recN1Ye57xDiqtirs,,,,,,,,,,,,,,,,,,,,,
Basic Ionic Chamber XL,recNtMeA1eoUwvesl,,,,,,,,,,,,,,,,,,,,,
Uncommon Light XS,recNJnpakwYkEpNEZ,,,,,,,,,,,,,,,,,,,,,
Advanced Antenna S,recNhC7U16tsC4CBZ,,,,,,,,,,,,,,,,,,,,,
Rare Maneuver Space Engine XS,recNrE6Ol9w4odfr3,,,,,,,,,,,,,,,,,,,,,
Advanced Core System M,recOV2lpSK5dVLrlC,,,,,,,,,,,,,,,,,,,,,
Advanced Laser Chamber M,recOAyYd16e7nnNhr,,,,,,,,,,,,,,,,,,,,,
Missile Kinetic Ammo XS,recOHOFpqj9GIMN6w,,,,,,,,,,,,,,,,,,,,,
Basic Mobile Panel L,recO4f5WYIh2oklFv,,,,,,,,,,,,,,,,,,,,,
Cannon Heavy Kinetic Ammo M,recOflHOCI8d0A8Ap,,,,,,,,,,,,,,,,,,,,,
Rhodonite,recOiXKxx7Zjgzrdd,,,,,,,,,,,,,,,,,,,,,
Rare Freight Space Engine L,recOmqgSPj1r4jCYM,,,,,,,,,,,,,,,,,,,,,
Exotic Reinforced Frame L,recPTca46MgyMVjz5,,,,,,,,,,,,,,,,,,,,,
Exotic Power Transformer L,recPVwfbM3EocnzQZ,,,,,,,,,,,,,,,,,,,,,
Advanced Anti-Matter Core,recPznU1GRHXJdfi6,,,,,,,,,,,,,,,,,,,,,
Cannon Precision Kinetic Ammo M,recPA1HTd75FJ4Lyf,,,,,,,,,,,,,,,,,,,,,
Atmospheric Engine M,recP5Pj6abPQ7EoJP,,,,,,,,,,,,,,,,,,,,,
Hematite,recP9T0SEf69bXRFB,,,,,,,,,,,,,,,,,,,,,
Rare Electronics,recPcbWT7LxWgYz6m,,,,,,,,,,,,,,,,,,,,,
Railgun Antimatter Ammo L,recPdNuz8SojNurqv,,,,,,,,,,,,,,,,,,,,,
Kergon-X3 Fuel,recPi6KxkbkhSPUux,,,,,,,,,,,,,,,,,,,,,
Railgun Heavy Antimatter Ammo L,recPnTeRHrVS3oLSX,,,,,,,,,,,,,,,,,,,,,
Calcium Honeycomb,recPpuHIuq3b6QW0Z,,,,,,,,,,,,,,,,,,,,,
Advanced Missile Silo L,recgUahgPfaBkMLgT,,,,,,,,,,,,,,,,,,,,,
Cannon Agile Thermic Ammo L,recgZDmn9JuPn6fH5,,,,,,,,,,,,,,,,,,,,,
Advanced Mechanical Sensor XS,recgZPwjuBo73GD0d,,,,,,,,,,,,,,,,,,,,,
Cannon Thermic Ammo M,recgCYE7TDOOwxeqU,,,,,,,,,,,,,,,,,,,,,
Basic Robotic Arm XL,recgJdVs3Tx3gzxQ4,,,,,,,,,,,,,,,,,,,,,
Cobalt Scrap,recgRv3i1UBz1mvL8,,,,,,,,,,,,,,,,,,,,,
Uncommon Explosive Module,recg57yDMRyWSFyCP,,,,,,,,,,,,,,,,,,,,,
Uncommon Standard Frame M,recg6XlibWQIc6Tjx,,,,,,,,,,,,,,,,,,,,,
Advanced Combustion Chamber S,recgdyppLDKLjJnm8,,,,,,,,,,,,,,,,,,,,,
Advanced Control System L,recgoneBGYfLUJpas,,,,,,,,,,,,,,,,,,,,,
Missile Heavy Kinetic Ammo S,rechTs9NBblGED1Ja,,,,,,,,,,,,,,,,,,,,,
Rare Power System,rechZbgjwz5vKLXfN,,,,,,,,,,,,,,,,,,,,,
Fluorine Scrap,rechx8aFajXxZIuH4,,,,,,,,,,,,,,,,,,,,,
Rare Safe Space Engine XL,rechCH7YXDPQuxMUA,,,,,,,,,,,,,,,,,,,,,
Basic Electric Engine M,rechIcdy4Tx9mZxjP,,,,,,,,,,,,,,,,,,,,,
Basic Ionic Chamber S,rech2wCDpCTwgRC7G,,,,,,,,,,,,,,,,,,,,,
Vanadium Honeycomb,rech5zHWTWZ6paFnG,,,,,,,,,,,,,,,,,,,,,
Uncommon Metalwork Industry M,rechhILqfcvJlIAEw,,,,,,,,,,,,,,,,,,,,,
Silver Scrap,reciRxe7LVuO1IZnk,,,,,,,,,,,,,,,,,,,,,
Missile Agile Antimatter Ammo M,recijxPGpQ5V2u9Ku,,,,,,,,,,,,,,,,,,,,,
Basic Mobile Panel XL,recijBKdeYBWyiiYr,,,,,,,,,,,,,,,,,,,,,
Railgun Agile Antimatter Ammo M,recimIpWoxiAGIcu5,,,,,,,,,,,,,,,,,,,,,
Laser Electromagnetic Ammo XS,reciq3gpclaBAWS9N,,,,,,,,,,,,,,,,,,,,,
Advanced Casing XL,recjTe68lHIG30gQj,,,,,,,,,,,,,,,,,,,,,
Advanced Reinforced Frame M,recj4maIanVDLPGw5,,,,,,,,,,,,,,,,,,,,,
Exotic Standard Frame XS,recj7Y6QRyhPEo9ix,,,,,,,,,,,,,,,,,,,,,
Laser Agile Thermic Ammo L,recjmIPfnQdwM1KKl,,,,,,,,,,,,,,,,,,,,,
Basic Chemical Container S,recjqH8fDHa1iCPay,,,,,,,,,,,,,,,,,,,,,
Missile Ammo M,recjrSgle7uHlAHBo,,,,,,,,,,,,,,,,,,,,,
Rare Anti-Matter Capsule,reckUP74rCAi5ZRvP,,,,,,,,,,,,,,,,,,,,,
Rare Singularity Container,reckWwDPzhFW9KC0R,,,,,,,,,,,,,,,,,,,,,
Advanced Chemical Container S,reckYg7u1p9eX5YEN,,,,,,,,,,,,,,,,,,,,,
Exotic Casing S,reck0yPOuSmXSNivB,,,,,,,,,,,,,,,,,,,,,
Advanced Military Atmospheric Engine L,recky2wtxBVOrc3xp,,,,,,,,,,,,,,,,,,,,,
Pipe Corner M,reckEQoeEnmUaDJ2D,,,,,,,,,,,,,,,,,,,,,
Advanced Magnetic Rail S,reckGbogT5YTqPHuO,,,,,,,,,,,,,,,,,,,,,
Uncommon Casing XS,reckJdXd1URlnfFIT,,,,,,,,,,,,,,,,,,,,,
Basic Reinforced Frame XL,reckPApE61ufUo5Fw,,,,,,,,,,,,,,,,,,,,,
Advanced Recycler M,reckPIhJ9uIhb311O,,,,,,,,,,,,,,,,,,,,,
Manganese Honeycomb,reck6F5hQhEEyispy,,,,,,,,,,,,,,,,,,,,,
Advanced Safe Space Engine XL,reckjkdrN3HLzldf5,,,,,,,,,,,,,,,,,,,,,
Rare Assembly Line XS,reckoJFIwmgk8jUqx,,,,,,,,,,,,,,,,,,,,,
Basic Control System M,reckq0wYELpBpuHP6,,,,,,,,,,,,,,,,,,,,,
Laser Agile Thermic Ammo S,reclSxaW4ZAB6w3qj,,,,,,,,,,,,,,,,,,,,,
Rare Military Space Engine XS,reclUS5XAoDiDlPME,,,,,,,,,,,,,,,,,,,,,
Basic Reinforced Frame XS,reclXmfScKltRarRw,,,,,,,,,,,,,,,,,,,,,
Uncommon Recycler M,recl00ER9CY0umcvP,,,,,,,,,,,,,,,,,,,,,
Advanced Assembly Line XS,reclLrT1PqDwm5D1N,,,,,,,,,,,,,,,,,,,,,
Advanced Electronics,recl7DxtvOZLUgBRA,,,,,,,,,,,,,,,,,,,,,
Advanced Military Atmospheric Engine S,reclbrEWMXyPDLXdZ,,,,,,,,,,,,,,,,,,,,,
Railgun Ammo XS,reclbr8cTGZNPd7SM,,,,,,,,,,,,,,,,,,,,,
Exotic Antenna L,reclf7FTEhTv20Fm5,,,,,,,,,,,,,,,,,,,,,
Coal,recmTLjaI5iSk1hTE,,,,,,,,,,,,,,,,,,,,,
Advanced Casing L,recm1lJPLZG7cbYP3,,,,,,,,,,,,,,,,,,,,,
Basic Screen M,recmtJNfFbvOwSAJ7,,,,,,,,,,,,,,,,,,,,,
Advanced Ionic Chamber M,recmAMFRHcU4xSyH9,,,,,,,,,,,,,,,,,,,,,
Gold Honeycomb,recmGwIyA8L6RVlxC,,,,,,,,,,,,,,,,,,,,,
Laser Agile Electromagnetic Ammo M,recmHbjiI4YTQrnid,,,,,,,,,,,,,,,,,,,,,
Uncommon Processor,recm52hIRhYi1bjxL,,,,,,,,,,,,,,,,,,,,,
Biological Matter,recmdcz81S8gE8iDY,,,,,,,,,,,,,,,,,,,,,
Uncommon Core System L,recmfHJOM6a4RkuOL,,,,,,,,,,,,,,,,,,,,,
Advanced Quantum Core,recmiDeOrYH6VPegd,,,,,,,,,,,,,,,,,,,,,
Rare Maneuver Space Engine L,recmk7DKIkJOB4vE1,,,,,,,,,,,,,,,,,,,,,
Missile Kinetic Ammo S,recnUeWWfPNtLBR2S,,,,,,,,,,,,,,,,,,,,,
Advanced Metalwork Industry M,recnZqbCOws9WUCgj,,,,,,,,,,,,,,,,,,,,,
Laser Electromagnetic Ammo S,recnxWiXNKou1epqE,,,,,,,,,,,,,,,,,,,,,
Cannon Defense Kinetic Ammo XS,recnCxQIABvEXhpY7,,,,,,,,,,,,,,,,,,,,,
Exotic Quantum Alignment Unit,recnEWAgKoOjCGjyN,,,,,,,,,,,,,,,,,,,,,
Advanced Military Space Engine L,recnFpX2NnEMOUcxj,,,,,,,,,,,,,,,,,,,,,
Advanced Anti-Matter Capsule,recnF81RDYAKJfTfE,,,,,,,,,,,,,,,,,,,,,
Exotic Core System S,recn5mxJoaYdJaaVM,,,,,,,,,,,,,,,,,,,,,
Laser Agile Thermic Ammo XS,recn697hDuMmNP4MT,,,,,,,,,,,,,,,,,,,,,
Railgun Antimatter Ammo M,recn7ScLtheItzom8,,,,,,,,,,,,,,,,,,,,,
Uncommon Assembly Line XL,recnaLaFkQfRZfgVS,,,,,,,,,,,,,,,,,,,,,
Natron,recnhT6NRbhhTB1J0,,,,,,,,,,,,,,,,,,,,,
Advanced Optics,recnlpydsSLxuNBWR,,,,,,,,,,,,,,,,,,,,,
Rare Freight Space Engine M,recnlyczGY7bcdICM,,,,,,,,,,,,,,,,,,,,,
Cryolite,recoUWl8MCMTqIjap,,,,,,,,,,,,,,,,,,,,,
Uncommon Ionic Chamber M,recosHmbrI2sy198x,,,,,,,,,,,,,,,,,,,,,
Advanced  Assembly Line S,recoFTfMQMSQc3YQa,,,,,,,,,,,,,,,,,,,,,
Rare  Assembly Line XL,recoeAY0mwXLHcU0E,,,,,,,,,,,,,,,,,,,,,
Exotic Power System,recofD7MBW1xZJvVw,,,,,,,,,,,,,,,,,,,,,
Railgun Agile Electromagnetic Ammo M,recoliPtCskZ6XLKR,,,,,,,,,,,,,,,,,,,,,
Basic Electric Engine S,recpVKtrqgHt6jaxl,,,,,,,,,,,,,,,,,,,,,
Uncommon Honeycomb Refinery M,recpYJHXTIEK9IEXk,,,,,,,,,,,,,,,,,,,,,
Uncommon Screen XS,recp1w03HTRR8EKx0,,,,,,,,,,,,,,,,,,,,,
Basic Processor,recpsDnphVLwuyTFP,,,,,,,,,,,,,,,,,,,,,
Gold Nuggets,recptPFj6k23IV5u6,,,,,,,,,,,,,,,,,,,,,
Kergon-X1 Fuel,recpzkvqcaTkAnOVX,,,,,,,,,,,,,,,,,,,,,
Advanced Standard Frame S,recpQp22hvZb2Tbxc,,,,,,,,,,,,,,,,,,,,,
Kergon-X2 Fuel,recp9PdNZlcjxPaZm,,,,,,,,,,,,,,,,,,,,,
Rare Antenna M,recpbEkTSBPKmu4yb,,,,,,,,,,,,,,,,,,,,,
Basic Power Transformer M,recpd5DqoItOLJNQp,,,,,,,,,,,,,,,,,,,,,
Missile Precision Kinetic Ammo XS,recqZAhhon0JCgTtg,,,,,,,,,,,,,,,,,,,,,
Advanced Singularity Container,recq4PFhtk8BzdfSh,,,,,,,,,,,,,,,,,,,,,
Rare Military Atmospheric Engine XS,recq9uaeegW6LEjR8,,,,,,,,,,,,,,,,,,,,,
Catalyst 5,recq9V5U6a9FbpcIm,,,,,,,,,,,,,,,,,,,,,
Basic Reinforced Frame S,recqaZ777rJgx4Z0X,,,,,,,,,,,,,,,,,,,,,
Missile Defense Antimatter Ammo XS,recqm7wJJrLHkeF9s,,,,,,,,,,,,,,,,,,,,,
Railgun Defense Electromagnetic Ammo L,recr1XLsL5VJdDFfk,,,,,,,,,,,,,,,,,,,,,
Cannon Agile Kinetic Ammo L,recrvDuWy889T17kB,,,,,,,,,,,,,,,,,,,,,
Cannon Heavy Kinetic Ammo XS,recrw23VgpxRrPw1O,,,,,,,,,,,,,,,,,,,,,
Missile Antimatter Ammo S,recrycF7ZJhseuTZO,,,,,,,,,,,,,,,,,,,,,
Laser Thermic Ammo L,recrBEKNQLG0mJJLj,,,,,,,,,,,,,,,,,,,,,
Rare Maneuver Atmospheric Engine S,recrQQlHQZxMW50qN,,,,,,,,,,,,,,,,,,,,,
Cannon Agile Kinetic Ammo M,recr9PuE3EEpzxWV2,,,,,,,,,,,,,,,,,,,,,
Missile Defense Antimatter Ammo M,recrbOwVX2mf5KHyO,,,,,,,,,,,,,,,,,,,,,
Missile Heavy Antimatter Ammo L,recreqL8hbGlpQ6MN,,,,,,,,,,,,,,,,,,,,,
Sulfur Honeycomb,recrfvBVPs3GMEM8m,,,,,,,,,,,,,,,,,,,,,
Uncommon Electronics,recrhEuyyUN4Zk4Ta,,,,,,,,,,,,,,,,,,,,,
Basic Singularity Container,recrkmzJPtrten4FR,,,,,,,,,,,,,,,,,,,,,
Cannon Agile Kinetic Ammo XS,recroRJZnuEDVDsIw,,,,,,,,,,,,,,,,,,,,,
Titanium Honeycomb,recrqZVTxCsaxzNIg,,,,,,,,,,,,,,,,,,,,,
Laser Agile Thermic Ammo M,recsTw3lIylnvBb9q,,,,,,,,,,,,,,,,,,,,,
Cannon Heavy Thermic Ammo XS,recsBFzkFuQ46JOwA,,,,,,,,,,,,,,,,,,,,,
Laser Precision Electromagnetic Ammo M,recsGajz9dJv7bwbH,,,,,,,,,,,,,,,,,,,,,
Cannon Heavy Thermic Ammo M,recsIVNTkpDy1ZbFY,,,,,,,,,,,,,,,,,,,,,
Cannon Kinetic Ammo L,recsIEiM0YiW8pn6w,,,,,,,,,,,,,,,,,,,,,
Rare Core System L,recsKNpIuVw7BsQRl,,,,,,,,,,,,,,,,,,,,,
Rare Maneuver Space Engine S,recsb2VbKXxluGHKF,,,,,,,,,,,,,,,,,,,,,
Missile Defense Kinetic Ammo M,recsmtIljrHAUyCnH,,,,,,,,,,,,,,,,,,,,,
Railgun Heavy Antimatter Ammo XS,rectWvTmkU1RcRbFT,,,,,,,,,,,,,,,,,,,,,
Laser Heavy Thermic Ammo S,rectWLid7EKe5QDeN,,,,,,,,,,,,,,,,,,,,,
Uncommon Assembly Line M,rectY10r4dxqgnOB8,,,,,,,,,,,,,,,,,,,,,
Cannon Heavy Thermic Ammo L,rectvQ7AiLkdy3n1u,,,,,,,,,,,,,,,,,,,,,
Advanced Freight Atmospheric Engine M,rectBxAxF7fDcD2SO,,,,,,,,,,,,,,,,,,,,,
Rare Military Atmospheric Engine M,rectR7rWKOmxseWGe,,,,,,,,,,,,,,,,,,,,,
Railgun Precision Antimatter Ammo M,rectR9QHsyGzAHnV5,,,,,,,,,,,,,,,,,,,,,
Uncommon Electronics Industry M,rect2ZakAJsC9jH0H,,,,,,,,,,,,,,,,,,,,,
Flourine Honeycomb,rect7EgxnnCw3FKmp,,,,,,,,,,,,,,,,,,,,,
Advanced Antenna M,recthioZ2tbyOWL0y,,,,,,,,,,,,,,,,,,,,,
Exotic Processor,recuWcL6Q28nlvX5b,,,,,,,,,,,,,,,,,,,,,
Quartz,recuziLHX21kQgNwd,,,,,,,,,,,,,,,,,,,,,
Exotic Electronics,recuRxLSaW19Fvjjy,,,,,,,,,,,,,,,,,,,,,
Advanced Freight Space Engine XS,recu5906AekQadIG9,,,,,,,,,,,,,,,,,,,,,
Gold Scrap,recu7KcDaJHVhdvwH,,,,,,,,,,,,,,,,,,,,,
Laser Heavy Electromagnetic Ammo L,recukIqkCjTSwdNtk,,,,,,,,,,,,,,,,,,,,,
Basic Gas Cylinder S,recvSBeGyLduDLBew,,,,,,,,,,,,,,,,,,,,,
Uncommon Laser Chamber XS,recvz2J5gFUQPJ8qf,,,,,,,,,,,,,,,,,,,,,
Pyrite,recvzHITql588a7OL,,,,,,,,,,,,,,,,,,,,,
Basic Screen S,recvKQ6Sx5qJXMRxh,,,,,,,,,,,,,,,,,,,,,
Railgun Precision Antimatter Ammo XS,recvOaagFuvqTCglL,,,,,,,,,,,,,,,,,,,,,
Kergon-X4 Fuel,recvOGwGCuvZkxUov,,,,,,,,,,,,,,,,,,,,,
Advanced Military Atmospheric Engine XS,recv4TU8uDp74yjOD,,,,,,,,,,,,,,,,,,,,,
Basic Combustion Chamber L,recvc9HDDtZlpHRFd,,,,,,,,,,,,,,,,,,,,,
Laser Heavy Electromagnetic Ammo M,recwYDsKygtoTLqjd,,,,,,,,,,,,,,,,,,,,,
Scandium Honeycomb,recw0h9UJ6dbTS9Hp,,,,,,,,,,,,,,,,,,,,,
Cannon Heavy Thermic Ammo S,recw1QWgJ214W03FE,,,,,,,,,,,,,,,,,,,,,
Railgun Defense Electromagnetic Ammo XS,recwstCn1HoxLKn6z,,,,,,,,,,,,,,,,,,,,,
Basic Firing System XS,recwuh3USYzkuLNqL,,,,,,,,,,,,,,,,,,,,,
Exotic Reinforced Frame XL,recwyX6nJBl4sCUap,,,,,,,,,,,,,,,,,,,,,
Advanced Firing System M,recwClGRFIA9f7yQh,,,,,,,,,,,,,,,,,,,,,
Uncommon Glass Furnace M,recwFvoXVxTGJ62fp,,,,,,,,,,,,,,,,,,,,,
Uncommon Assembly Line XS,recwQMwzsyLqF6I3K,,,,,,,,,,,,,,,,,,,,,
Missile Ammo XS,recwakic9fhoJ0BwY,,,,,,,,,,,,,,,,,,,,,
Advanced Military Space Engine XS,recwbmu2qiDKbcmA6,,,,,,,,,,,,,,,,,,,,,
Basic Mobile Panel S,recwbQ2gpUlccH72w,,,,,,,,,,,,,,,,,,,,,
Honeycomb Refinery M,recxYzZuRsjkEWCEC,,,,,,,,,,,,,,,,,,,,,
Advanced Laser Chamber XS,recx0XwLXsEqe6Sro,,,,,,,,,,,,,,,,,,,,,
Railgun Electromagnetic Ammo XS,recxyexlraND9HGWa,,,,,,,,,,,,,,,,,,,,,
Rare Smelter M,recxCnZfOWYPRXRWx,,,,,,,,,,,,,,,,,,,,,
Missile Agile Antimatter Ammo XS,recxF7vT7QCSG4way,,,,,,,,,,,,,,,,,,,,,
Cannon Defense Thermic Ammo M,recxLPBEWota1IevN,,,,,,,,,,,,,,,,,,,,,
Rare Metalwork Industry M,recxNolNktImEWcAA,,,,,,,,,,,,,,,,,,,,,
Railgun Precision Electromagnetic Ammo M,recxPBxA3Rdjkl6DO,,,,,,,,,,,,,,,,,,,,,
Advanced Safe Atmospheric Engine L,recxRkzTwFYhan287,,,,,,,,,,,,,,,,,,,,,
Advanced Standard Frame XL,recxcWTeaAYgcncHH,,,,,,,,,,,,,,,,,,,,,
Basic Gas Cylinder XS,recxgFAlABfZDhfLB,,,,,,,,,,,,,,,,,,,,,
Basic Gas Cylinder M,recxk1HGzPdKOTCr0,,,,,,,,,,,,,,,,,,,,,
Basic Standard Frame XS,recxlbJGU466adqPB,,,,,,,,,,,,,,,,,,,,,
Exotic Antenna XL,recytOQpXwH7hbpx8,,,,,,,,,,,,,,,,,,,,,
Uncommon Injector,recyuKdpLWsi5ncQ6,,,,,,,,,,,,,,,,,,,,,
Advanced Maneuver Atmospheric Engine XS,recyNtHae8M1inkGQ,,,,,,,,,,,,,,,,,,,,,
Cannon Thermic Ammo S,recyPp5ymmO1Ut8aS,,,,,,,,,,,,,,,,,,,,,
Copper Scrap,recydnf1b22dH5HhP,,,,,,,,,,,,,,,,,,,,,
Basic Burner,recydzX0joqnEasFR,,,,,,,,,,,,,,,,,,,,,
Pipe C M,recyi79O6wP8VTqxL,,,,,,,,,,,,,,,,,,,,,
Advanced Firing System S,recyltA3xBNX1Dbio,,,,,,,,,,,,,,,,,,,,,
Advanced Ionic Chamber L,reczVQNanEBtjWqDP,,,,,,,,,,,,,,,,,,,,,
Advanced Magnetic Rail M,reczZM8G073Ouu7zm,,,,,,,,,,,,,,,,,,,,,
Illmenite,reczt0wjfBeJFEqCB,,,,,,,,,,,,,,,,,,,,,
Railgun Precision Electromagnetic Ammo L,reczKujMYO4WsDIIn,,,,,,,,,,,,,,,,,,,,,
Rare Safe Space Engine S,reczOi30iYBJss4aq,,,,,,,,,,,,,,,,,,,,,
Railgun Ammo M,recz4X7ut0JBgeJAc,,,,,,,,,,,,,,,,,,,,,
Laser Heavy Electromagnetic Ammo S,recz50mvwtKBRrxrR,,,,,,,,,,,,,,,,,,,,,
Advanced Heavy Laser XS,recz5v3W9FMSEJgZ3,,,,,,,,,,,,,,,,,,,,,
Uncommon Standard Frame S,reczeZD2l4RPxZtbE,,,,,,,,,,,,,,,,,,,,,
Rare Maneuver Space Engine XL,recze8ktwzcWHa84t,,,,,,,,,,,,,,,,,,,,,
Cannon Defense Thermic Ammo L,reczfrKmR6g1bLXh9,,,,,,,,,,,,,,,,,,,,,
Advanced Processor,reczhObjCnLCcsa9E,,,,,,,,,,,,,,,,,,,,,
Basic Reinforced Frame L,reczqk9kA2AThNhYl,,,,,,,,,,,,,,,,,,,,,
Cobalt Honeycomb,reczqBrJDSGkp0DUf,,,,,,,,,,,,,,,,,,,,,
Cannon Precision Kinetic Ammo L,recAYYcraot3Ub5VI,,,,,,,,,,,,,,,,,,,,,
Cannon Precision Kinetic Ammo XS,recAs6rom228LQb5Y,,,,,,,,,,,,,,,,,,,,,
Railgun Heavy Electromagnetic Ammo L,recAt5kVYjBON1EK6,,,,,,,,,,,,,,,,,,,,,
Uncommon Screen XL,recAxTh02RITZOurj,,,,,,,,,,,,,,,,,,,,,
Malachite,recAIkHF1KHNf8CaY,,,,,,,,,,,,,,,,,,,,,
Exotic Reinforced Frame M,recALXU9fEAHOf5QN,,,,,,,,,,,,,,,,,,,,,
Uncommon Reinforced Frame L,recARm0DF7vUnjGiE,,,,,,,,,,,,,,,,,,,,,
Advanced Chemical Container XL,recARLz0u87wqVYF1,,,,,,,,,,,,,,,,,,,,,
Advanced Hydraulics,recAiSavsirt8tfCP,,,,,,,,,,,,,,,,,,,,,
Advanced Safe Atmospheric Engine M,recAm8ZVmH4GF5MLf,,,,,,,,,,,,,,,,,,,,,
Uncommon Burner,recBTpllSCRIQC2zv,,,,,,,,,,,,,,,,,,,,,
Railgun Heavy Electromagnetic Ammo XS,recBViEnrj54sihFh,,,,,,,,,,,,,,,,,,,,,
Sulfur Scrap,recBsoVVwwKVXgGwF,,,,,,,,,,,,,,,,,,,,,
Advanced Maneuver Space Engine XL,recBGdDakq2Wk6s16,,,,,,,,,,,,,,,,,,,,,
Missile Defense Antimatter Ammo L,recBK0u6936MmliG6,,,,,,,,,,,,,,,,,,,,,
Missile Agile Antimatter Ammo S,recBO5z4csxI1G3qv,,,,,,,,,,,,,,,,,,,,,
Missile Kinetic Ammo L,recBRAko4IpBk1dl3,,,,,,,,,,,,,,,,,,,,,
Exotic Magnet,recBeTooBkB8yvWBZ,,,,,,,,,,,,,,,,,,,,,
Exotic Anti-Gravity Core,recBkqxXQRXXFqTRD,,,,,,,,,,,,,,,,,,,,,
Rare Casing XS,recBk08HBUbX5o7eI,,,,,,,,,,,,,,,,,,,,,
Basic Magnet,recCTl6htWkuOLzYu,,,,,,,,,,,,,,,,,,,,,
Limestone,recCukxAy8NKSCNgU,,,,,,,,,,,,,,,,,,,,,
Basic Anti-Matter Capsule,recCA0zq0fPJh6w7m,,,,,,,,,,,,,,,,,,,,,
Advanced Freight Atmospheric Engine L,recCA3RC3p1h0qBSY,,,,,,,,,,,,,,,,,,,,,
Advanced Phased-Array Space Radar L,recCB7zxBrvFVnCKh,,,,,,,,,,,,,,,,,,,,,
Garnierite,recCBEPufDtzLQfT0,,,,,,,,,,,,,,,,,,,,,
Rare Casing S,recCDbLrkhSM27VES,,,,,,,,,,,,,,,,,,,,,
Basic Standard Frame S,recCO4UwrRd31Iu20,,,,,,,,,,,,,,,,,,,,,
Rare Military Space Engine M,recCOeVrtuhCQKphB,,,,,,,,,,,,,,,,,,,,,
Rare Freight Space Engine S,recCOwNS4zoAco9pB,,,,,,,,,,,,,,,,,,,,,
Railgun Precision Antimatter Ammo S,recCcJFJgZ48qUaIK,,,,,,,,,,,,,,,,,,,,,
Railgun Defense Antimatter Ammo M,recCjk3LUh1J8U65B,,,,,,,,,,,,,,,,,,,,,
Thoramine,recDwakOgVqZbQo2Y,,,,,,,,,,,,,,,,,,,,,
Basic Ionic Chamber M,recDBJugQIPESnEr8,,,,,,,,,,,,,,,,,,,,,
Brick,recDCSfAXkkZ0or4N,,,,,,,,,,,,,,,,,,,,,
Advanced Safe Space Engine L,recDiaLAqTWfVwygl,,,,,,,,,,,,,,,,,,,,,
Advanced Freight Atmospheric Engine S,recDlE8icL7NtiwXR,,,,,,,,,,,,,,,,,,,,,
Uncommon Optics,recDmd9KQbVd5mNld,,,,,,,,,,,,,,,,,,,,,
Advanced Missile Silo XS,recETwojiYh6xTdqS,,,,,,,,,,,,,,,,,,,,,
Calcium Scrap,recEZdZCPS00f7T04,,,,,,,,,,,,,,,,,,,,,
Laser Precision Electromagnetic Ammo L,recEZFjp3nEvhpHMO,,,,,,,,,,,,,,,,,,,,,
Chromium Honeycomb,recEEz614bZCGUpAW,,,,,,,,,,,,,,,,,,,,,
Cannon Heavy Kinetic Ammo L,recEI84p961z6KZFc,,,,,,,,,,,,,,,,,,,,,
Concrete,recELUw2yzAbWE3jw,,,,,,,,,,,,,,,,,,,,,
Rare Assembly Line M,recE3TvglmZOgyIel,,,,,,,,,,,,,,,,,,,,,
Advanced Firing System L,recEa9ba5ivyOlVtK,,,,,,,,,,,,,,,,,,,,,
Advanced Maneuver Atmospheric Engine L,recEiFuiSTMgO00IN,,,,,,,,,,,,,,,,,,,,,
Advanced Screen XL,recEk4fSJNhZl1nmw,,,,,,,,,,,,,,,,,,,,,
Laser Defense Thermic Ammo L,recEpmqVnGJuhhxzq,,,,,,,,,,,,,,,,,,,,,
Uncommon Core System S,recFurw8ZXjfaqU9G,,,,,,,,,,,,,,,,,,,,,
Luminescent White Glass,recFvB1t1CZb5ZKle,,,,,,,,,,,,,,,,,,,,,
Cannon Precision Thermic Ammo S,recFGDaJkkFTmeNya,,,,,,,,,,,,,,,,,,,,,
Concrete Honeycomb,recFHF6S42cAVN05U,,,,,,,,,,,,,,,,,,,,,
Basic Casing S,recFOlbVwMmHUqGXt,,,,,,,,,,,,,,,,,,,,,
Advanced Missile Silo S,recF3tYn9GxO2ucSl,,,,,,,,,,,,,,,,,,,,,
Advanced Laser Chamber L,recFpfcyGZ5ogV32E,,,,,,,,,,,,,,,,,,,,,
Exotic Singularity Container,recQ162QFqe9xIoMK,,,,,,,,,,,,,,,,,,,,,
Atmospheric Engine S,recQ175rO7g65vvWB,,,,,,,,,,,,,,,,,,,,,
Advanced Maneuver Space Engine XS,recQAy8rwjBkr29DG,,,,,,,,,,,,,,,,,,,,,
Uncommon Casing M,recQD8uLYFabH5JAD,,,,,,,,,,,,,,,,,,,,,
Missile Ammo L,recQER5BnzhH6Cqqn,,,,,,,,,,,,,,,,,,,,,
Rare 3D Printer M,recQQCoHbXLK27Plh,,,,,,,,,,,,,,,,,,,,,
Basic Quantum Core,recQnPTmmTiLhpTw5,,,,,,,,,,,,,,,,,,,,,
Advanced Military Space Engine S,recRSoUMSPtXK5s2E,,,,,,,,,,,,,,,,,,,,,
Advanced Combustion Chamber M,recRWZL1OnS3xqrjX,,,,,,,,,,,,,,,,,,,,,
Rare Quantum Core,recRXeD4kXmI7NNL3,,,,,,,,,,,,,,,,,,,,,
Advanced Maneuver Atmospheric Engine M,recRt2MyXRUTKAItO,,,,,,,,,,,,,,,,,,,,,
Uncommon Light S,recRt2bIcuOWwjnJm,,,,,,,,,,,,,,,,,,,,,
Laser Agile Electromagnetic Ammo L,recRxhrT1u2nrtkou,,,,,,,,,,,,,,,,,,,,,
Basic Combustion Chamber S,recRDbWfDXi10MLUS,,,,,,,,,,,,,,,,,,,,,
Rare Safe Atmospheric Engine M,recRELdXxkRfrwQZc,,,,,,,,,,,,,,,,,,,,,
Rare Maneuver Atmospheric Engine L,recRHyiAp48RKHPPj,,,,,,,,,,,,,,,,,,,,,
Basic Core System S,recRfRbnE1effCQlw,,,,,,,,,,,,,,,,,,,,,
Sodium Honeycomb,recSVB0FjGRGr21ep,,,,,,,,,,,,,,,,,,,,,
Basic Standard Frame M,recSVSOEUJD9rL7Hq,,,,,,,,,,,,,,,,,,,,,
Missile Precision Antimatter Ammo M,recSZsJpov2raBoOq,,,,,,,,,,,,,,,,,,,,,
Cannon Defense Thermic Ammo S,recSs9LzuZk6kxQoa,,,,,,,,,,,,,,,,,,,,,
Laser Precision Electromagnetic Ammo XS,recSw9RnLFvtXQunA,,,,,,,,,,,,,,,,,,,,,
Missile Agile Kinetic Ammo M,recSwwEJtPTXigzH6,,,,,,,,,,,,,,,,,,,,,
Basic Reinforced Frame M,recSHkQzPlDbJe9vr,,,,,,,,,,,,,,,,,,,,,
Advanced Safe Atmospheric Engine S,recSIyKdI6GRcMWvy,,,,,,,,,,,,,,,,,,,,,
Advanced Safe Space Engine XS,recS44Q0vCtZ9Yjg3,,,,,,,,,,,,,,,,,,,,,
Laser Thermic Ammo S,recSaGfXvQHIExw9g,,,,,,,,,,,,,,,,,,,,,
Advanced Freight Space Engine L,recShBFRZPbxogWFJ,,,,,,,,,,,,,,,,,,,,,
Uncommon Power System,recSlkFbM447wb8bz,,,,,,,,,,,,,,,,,,,,,
Rare Safe Space Engine XS,recSpa09uJmqJ4hgb,,,,,,,,,,,,,,,,,,,,,
Rare Glass Furnace M,recTypZPaW6DjzzyC,,,,,,,,,,,,,,,,,,,,,
Uncommon Standard Frame XS,recTDd89GJFPEjZRl,,,,,,,,,,,,,,,,,,,,,
Advanced Burner,recTNj5EUnVXqKUcu,,,,,,,,,,,,,,,,,,,,,
Rare Standard Frame L,recTQu2WtcrAQoxjg,,,,,,,,,,,,,,,,,,,,,
Railgun Agile Electromagnetic Ammo S,recT6nKZLSgRzA3Rl,,,,,,,,,,,,,,,,,,,,,
Advanced Maneuver Atmospheric Engine S,recT8Fj7VfREniW2c,,,,,,,,,,,,,,,,,,,,,
Uncommon Singularity Container,recTnYSPAK46qDFJB,,,,,,,,,,,,,,,,,,,,,
Laser Defense Electromagnetic Ammo L,recTqmXIb5PPbLxvg,,,,,,,,,,,,,,,,,,,,,
Rare Freight Atmospheric Engine L,recU0mc69nRIFsOEW,,,,,,,,,,,,,,,,,,,,,
Niobium Honeycomb,recUzrkduTPkniRpA,,,,,,,,,,,,,,,,,,,,,
Missile Precision Antimatter Ammo L,recUAOE4O7mjGmFdO,,,,,,,,,,,,,,,,,,,,,
Missile Agile Kinetic Ammo XS,recUDMc5k3FyQAZqP,,,,,,,,,,,,,,,,,,,,,
Kolbeckite,recUMgudle23Wacal,,,,,,,,,,,,,,,,,,,,,
Advanced Quantum Barrier,recU4HNecE0zohljA,,,,,,,,,,,,,,,,,,,,,
Railgun Heavy Antimatter Ammo M,recUczTDqT2RoZDyV,,,,,,,,,,,,,,,,,,,,,
Advanced Reinforced Frame XS,recUdsljzpUZeIwin,,,,,,,,,,,,,,,,,,,,,
Advanced Heavy Laser L,recVSUNKxIcqHyuTG,,,,,,,,,,,,,,,,,,,,,
Catalyst 3,recV1M56LWjwwNIjr,,,,,,,,,,,,,,,,,,,,,
Advanced Chemical Container L,recV1OlftPRTBztqe,,,,,,,,,,,,,,,,,,,,,
Pipe A M,recVBR3yGtfg8y41A,,,,,,,,,,,,,,,,,,,,,
Advanced Maneuver Space Engine M,recVKMUrZedkLnztV,,,,,,,,,,,,,,,,,,,,,
Missile Defense Kinetic Ammo L,recV5w2rEVUJYyiWW,,,,,,,,,,,,,,,,,,,,,
Basic Chemical Container M,recV8G2ZjtT4rV1bX,,,,,,,,,,,,,,,,,,,,,
Railgun Defense Electromagnetic Ammo S,recVeGUl6rkIYsmK4,,,,,,,,,,,,,,,,,,,,,
Uncommon Ionic Chamber XS,recVmQzxovgrc59i6,,,,,,,,,,,,,,,,,,,,,
Advanced Safe Space Engine S,recVqd91ejJ2WeyTV,,,,,,,,,,,,,,,,,,,,,
Advanced Anti-Gravity Core,recWyOWZ49YkyrAuR,,,,,,,,,,,,,,,,,,,,,
Cannon Defense Kinetic Ammo M,recWLUynCxU8pMEEJ,,,,,,,,,,,,,,,,,,,,,
Uncommon Standard Frame L,recWfb3vO4NscVb0b,,,,,,,,,,,,,,,,,,,,,
Advanced Reinforced Frame L,recWgpnHqYgqMwwYY,,,,,,,,,,,,,,,,,,,,,
Advanced Maneuver Space Engine L,recWhC70li3oH1C79,,,,,,,,,,,,,,,,,,,,,
Basic Robotic Arm M,recWn9sVe9VFWIDkl,,,,,,,,,,,,,,,,,,,,,
Uncommon Reinforced Frame M,recWqa702F5wSTLPe,,,,,,,,,,,,,,,,,,,,,
Rare Military Space Engine L,recXShCrO9yIlNeX8,,,,,,,,,,,,,,,,,,,,,
Advanced Military Space Engine M,recXTLMtsRRLYsRdX,,,,,,,,,,,,,,,,,,,,,
Laser Precision Thermic Ammo XS,recXW049b3vvwKGVn,,,,,,,,,,,,,,,,,,,,,
Advanced Chemical Container M,recXZ2yVAxYlVIQSP,,,,,,,,,,,,,,,,,,,,,
Advanced Heavy Laser M,recXsccabOohjMF3r,,,,,,,,,,,,,,,,,,,,,
Missile Precision Kinetic Ammo L,recXwtN7Ug4R2kE3l,,,,,,,,,,,,,,,,,,,,,
Missile Heavy Kinetic Ammo XS,recXByrwNKVnqhnDU,,,,,,,,,,,,,,,,,,,,,
Advanced Smelter M,recXJqtg95hHGGOnG,,,,,,,,,,,,,,,,,,,,,
Rare Power Transformer L,recXKvp7bR8UgfWTY,,,,,,,,,,,,,,,,,,,,,
Laser Precision Electromagnetic Ammo S,recXMJAslGrP5WBEd,,,,,,,,,,,,,,,,,,,,,
Lithium Honeycomb,recXRCjvtG4PDjRmm,,,,,,,,,,,,,,,,,,,,,
Railgun Electromagnetic Ammo S,recXjcw43GGlW3D9a,,,,,,,,,,,,,,,,,,,,,
Pipe Connector M,recXlJQnpK3pCOZlU,,,,,,,,,,,,,,,,,,,,,
Advanced Missile Silo M,recYTDf0gn9qBlWr2,,,,,,,,,,,,,,,,,,,,,
Basic Ionic Chamber L,recYVye4ebnpsrirQ,,,,,,,,,,,,,,,,,,,,,
Advanced Honeycomb Refinery M,recY1amGyyeT6dTxe,,,,,,,,,,,,,,,,,,,,,
Missile Heavy Kinetic Ammo M,recYucuCQyrJz9lDH,,,,,,,,,,,,,,,,,,,,,
Carbon Fiber,recYeAS81zIpkc53w,,,,,,,,,,,,,,,,,,,,,
Railgun Agile Electromagnetic Ammo XS,recYfJlllQ4h0SWs8,,,,,,,,,,,,,,,,,,,,,
Laser Defense Electromagnetic Ammo M,recYi2h0DmxdgDTAK,,,,,,,,,,,,,,,,,,,,,
Rare Maneuver Atmospheric Engine M,recYnuRdEVbdNEAgc,,,,,,,,,,,,,,,,,,,,,
Rare Maneuver Atmospheric Engine XS,recYr3Pca7zmPRiIE,,,,,,,,,,,,,,,,,,,,,
Missile Agile Kinetic Ammo L,recZT3JDHPr1ndO3Y,,,,,,,,,,,,,,,,,,,,,
Silicon Scrap,recZukd32EzgmwaGq,,,,,,,,,,,,,,,,,,,,,
Laser Electromagnetic Ammo M,recZCWdXmdGtc6Uig,,,,,,,,,,,,,,,,,,,,,
Wood,recZK1JMQQodX48YW,,,,,,,,,,,,,,,,,,,,,
Missile Precision Kinetic Ammo M,recZK8x8ApuCcMwyK,,,,,,,,,,,,,,,,,,,,,
Exotic Anti-Matter Capsule,recZ3upoDY43nP4Gj,,,,,,,,,,,,,,,,,,,,,
Exotic Mechanical Sensor XS,recZ6QqQsyZYZuEd0,,,,,,,,,,,,,,,,,,,,,
Cannon Defense Thermic Ammo XS,recZjF9NICrHCtAsJ,,,,,,,,,,,,,,,,,,,,,
Aluminium Scrap,recZmqDn1tikQDkvi,,,,,,,,,,,,,,,,,,,,,
Laser Defense Thermic Ammo M,rec0sOqe6Pxymv98k,,,,,,,,,,,,,,,,,,,,,
Laser Precision Thermic Ammo S,rec0ErLhlcaykjbmB,,,,,,,,,,,,,,,,,,,,,
Advanced Freight Space Engine S,rec0M5ZoYuRP4FHHZ,,,,,,,,,,,,,,,,,,,,,
Uncommon Ionic Chamber L,rec03J4zbVRhL0t5Q,,,,,,,,,,,,,,,,,,,,,
Basic Mobile Panel XS,rec04RWpWdNZmYflv,,,,,,,,,,,,,,,,,,,,,
Laser Defense Thermic Ammo S,rec0p8AVzu4ZFXXlK,,,,,,,,,,,,,,,,,,,,,
Uncommon Smelter M,rec0pOBBydhhabooR,,,,,,,,,,,,,,,,,,,,,
Laser Precision Thermic Ammo L,rec1Vht8UkDLioXuP,,,,,,,,,,,,,,,,,,,,,
Rare Refiner M,rec10Dnc2A0tmNbdt,,,,,,,,,,,,,,,,,,,,,
Basic Electronics,rec1sMYYSsLyorTqF,,,,,,,,,,,,,,,,,,,,,
Advanced Firing System XS,rec1zzu7Y78TWFToO,,,,,,,,,,,,,,,,,,,,,
Advanced Maneuver Space Engine S,rec1A41J9RASgqBwe,,,,,,,,,,,,,,,,,,,,,
Uncommon Screen L,rec1DVebYOGWr7hw4,,,,,,,,,,,,,,,,,,,,,
Uncommon Combustion Chamber L,rec19wMMAYvVwROKS,,,,,,,,,,,,,,,,,,,,,
Uncommon Solid Warhead,rec1fFFrHaFScHorR,,,,,,,,,,,,,,,,,,,,,
Uncommon Hydraulics,rec2S4iuuT7eUjDZA,,,,,,,,,,,,,,,,,,,,,
Uncommon Combustion Chamber S,rec2ucBetiLQl1qWz,,,,,,,,,,,,,,,,,,,,,
Uncommon Core System M,rec2zTVcueSngJXSw,,,,,,,,,,,,,,,,,,,,,
Uncommon Antenna L,rec2DATCAdqtN8VFY,,,,,,,,,,,,,,,,,,,,,
Advanced Combustion Chamber XS,rec2Le7heL200BFDE,,,,,,,,,,,,,,,,,,,,,
Advanced 3D Printer M,rec2OYyofxGFtqZdc,,,,,,,,,,,,,,,,,,,,,
Laser Defense Electromagnetic Ammo XS,rec3ViwXOT7YFsSEj,,,,,,,,,,,,,,,,,,,,,
Cannon Agile Kinetic Ammo S,rec31U9X15UGEQwqd,,,,,,,,,,,,,,,,,,,,,
Basic Casing XS,rec3u42DDsumgOdGZ,,,,,,,,,,,,,,,,,,,,,
Railgun Precision Electromagnetic Ammo S,rec3zzjIriGavlGlW,,,,,,,,,,,,,,,,,,,,,
Uncommon Refiner M,rec3BYpxBsA2WxbFY,,,,,,,,,,,,,,,,,,,,,
Uncommon Magnet,rec3avKdsJ1DpYqZ8,,,,,,,,,,,,,,,,,,,,,
Rare Military Space Engine XL,rec3dvkuE0r1MJIyy,,,,,,,,,,,,,,,,,,,,,
Railgun Antimatter Ammo XS,rec3gC3sm1UW8lQjx,,,,,,,,,,,,,,,,,,,,,
Atmospheric Engine L,rec3i6qFpx4z3GcxK,,,,,,,,,,,,,,,,,,,,,
Chromite,rec3nmRKdvKZ5uYwC,,,,,,,,,,,,,,,,,,,,,
Rare Freight Atmospheric Engine S,rec4SaFf8NsUaobE7,,,,,,,,,,,,,,,,,,,,,
Advanced Casing S,rec4zFyOeVvwhjwJq,,,,,,,,,,,,,,,,,,,,,
Advanced Electronics Industry M,rec4zMgtfIpuMvIIx,,,,,,,,,,,,,,,,,,,,,
Laser Heavy Electromagnetic Ammo XS,rec4CDoUz3azRiDxS,,,,,,,,,,,,,,,,,,,,,
Rare Safe Atmospheric Engine S,rec4FCuZnekYinxeB,,,,,,,,,,,,,,,,,,,,,
Advanced Reinforced Frame S,rec4I1SQX1wE3FBzy,,,,,,,,,,,,,,,,,,,,,
Railgun Ammo L,rec4I2V9BOO9Pt1bH,,,,,,,,,,,,,,,,,,,,,
Advanced Heavy Laser S,rec4NeFw1h1fwE7XT,,,,,,,,,,,,,,,,,,,,,
Uncommon Anti-Matter Capsule,rec42tQJdSWnG8Vo7,,,,,,,,,,,,,,,,,,,,,
Uncommon Reinforced Frame S,rec445skwD29cS54T,,,,,,,,,,,,,,,,,,,,,
Advanced Antenna L,rec4gh7VPAhO92hcV,,,,,,,,,,,,,,,,,,,,,
Petalite,rec4mcxvkrgwKxdBY,,,,,,,,,,,,,,,,,,,,,
Uncommon Casing XL,rec5SbN5oHq1ba7zz,,,,,,,,,,,,,,,,,,,,,
Nickel Honeycomb,rec5xRPJWUTZCHfKn,,,,,,,,,,,,,,,,,,,,,
Railgun Electromagnetic Ammo M,rec5zuXmlOOe1Ubi3,,,,,,,,,,,,,,,,,,,,,
Missile Heavy Antimatter Ammo XS,rec5Jac1alCUpxK6z,,,,,,,,,,,,,,,,,,,,,
Cannon Precision Thermic Ammo L,rec5RgNamjTKNPcdp,,,,,,,,,,,,,,,,,,,,,
Basic Hydraulics,rec53ks0qtE4CXYL6,,,,,,,,,,,,,,,,,,,,,
Rare Safe Space Engine M,rec54qIJHTF5LwoUa,,,,,,,,,,,,,,,,,,,,,
Advanced Freight Space Engine XL,rec579t46zCtFOmcb,,,,,,,,,,,,,,,,,,,,,
Xeron Fuel,rec5eyqVg2mXdHHUA,,,,,,,,,,,,,,,,,,,,,
Uncommon Ore Scanner XL,rec5hEFJCT62Tmicq,,,,,,,,,,,,,,,,,,,,,
Uncommon Ionic Chamber S,rec5iW4lAIhT2wViD,,,,,,,,,,,,,,,,,,,,,
Laser Precision Thermic Ammo M,rec6VqC65cOI6PcQX,,,,,,,,,,,,,,,,,,,,,
Advanced Magnetic Rail L,rec6WU61WF5cYv9EU,,,,,,,,,,,,,,,,,,,,,
Advanced Assembly Line L,rec6vsGJBt8iYIgkf,,,,,,,,,,,,,,,,,,,,,
Railgun Defense Antimatter Ammo L,rec6Dz8dn38Jf6kxd,,,,,,,,,,,,,,,,,,,,,
Missile Agile Kinetic Ammo S,rec6FFPjvAJCxrYBt,,,,,,,,,,,,,,,,,,,,,
Rare Freight Atmospheric Engine M,rec6KllBHwtUobibC,,,,,,,,,,,,,,,,,,,,,
Basic Robotic Arm L,rec6NgdyBkfMdJww4,,,,,,,,,,,,,,,,,,,,,
Catalyst 4,rec6OWChDfH2XIcA6,,,,,,,,,,,,,,,,,,,,,
Advanced Freight Space Engine M,rec69SMEG7WaRmhvj,,,,,,,,,,,,,,,,,,,,,
Cannon Kinetic Ammo S,rec6azZUfNSXReWp6,,,,,,,,,,,,,,,,,,,,,
Basic Control System S,rec6es1rx0weGk2f7,,,,,,,,,,,,,,,,,,,,,
Silver Honeycomb,rec6fpencLihZ1sdK,,,,,,,,,,,,,,,,,,,,,
Iron Scrap,rec6fqVyjHUXiya2R,,,,,,,,,,,,,,,,,,,,,
Laser Heavy Thermic Ammo XS,rec6o56xCc0MnE6It,,,,,,,,,,,,,,,,,,,,,
Lithium Scrap,rec7XiZG8FKBbPFJN,,,,,,,,,,,,,,,,,,,,,
Uncommon 3D Printer M,rec7YJeydODBBwDRn,,,,,,,,,,,,,,,,,,,,,
Missile Antimatter Ammo XS,rec7s6UaSr3A4RM86,,,,,,,,,,,,,,,,,,,,,
Advanced Standard Frame L,rec7IjXlGwDtUbFds,,,,,,,,,,,,,,,,,,,,,
Advanced Magnetic Rail XS,rec7OATIl0v55hiJh,,,,,,,,,,,,,,,,,,,,,
Basic Mechanical Sensor XS,rec77BSThiiK3rjXC,,,,,,,,,,,,,,,,,,,,,
Laser Heavy Thermic Ammo L,rec79TgPm0H7zK2xv,,,,,,,,,,,,,,,,,,,,,
Advanced Military Space Engine XL,rec7mNLms6T5fkD80,,,,,,,,,,,,,,,,,,,,,
Missile Kinetic Ammo M,rec8AsUzbqzHFZaD6,,,,,,,,,,,,,,,,,,,,,
Advanced Military Atmospheric Engine M,rec8FuSmPYKEd3zhP,,,,,,,,,,,,,,,,,,,,,
Rare Assembly Line L,rec86y8o4dtHGgLP9,,,,,,,,,,,,,,,,,,,,,
Cannon Agile Thermic Ammo S,rec8dBX7phEQHIDrU,,,,,,,,,,,,,,,,,,,,,
Vanadinite,rec8kOR811bcBWzbF,,,,,,,,,,,,,,,,,,,,,
Cannon Kinetic Ammo M,rec8lQDV8EYCfRAAo,,,,,,,,,,,,,,,,,,,,,
Uncommon Reinforced Frame XL,rec9StwKzJ8I4SnlB,,,,,,,,,,,,,,,,,,,,,
Basic Chemical Container XL,rec9U5yabvOFN9fk3,,,,,,,,,,,,,,,,,,,,,
Advanced Freight Atmospheric Engine XS,rec90k1IaO2Xdh7mL,,,,,,,,,,,,,,,,,,,,,
Rare Maneuver Space Engine M,rec9R6QEVsGGS9fPj,,,,,,,,,,,,,,,,,,,,,
Rare Military Atmospheric Engine S,rec93TPEcuCzIPA6W,,,,,,,,,,,,,,,,,,,,,
Advanced Chemical Industry M,rec9fPDBELmVq1VsZ,,,,,,,,,,,,,,,,,,,,,
Atmospheric Engine XS,rec9mywnCOBZ4Lhgo,,,,,,,,,,,,,,,,,,,,,
Basic Ionic Chamber XS,recaZk540THEpfTzh,,,,,,,,,,,,,,,,,,,,,
Advanced Power System,recasnFgrxcsRdgDt,,,,,,,,,,,,,,,,,,,,,
Cannon Kinetic Ammo XS,recasoxRcGecKYwdp,,,,,,,,,,,,,,,,,,,,,
Advanced Standard Frame M,recau1oXqeqFHGQpm,,,,,,,,,,,,,,,,,,,,,
Advanced Magnet,recav6ex2pAQCNIyi,,,,,,,,,,,,,,,,,,,,,
Columbite,recaCkLpDMAuvtNN7,,,,,,,,,,,,,,,,,,,,,
Laser Agile Electromagnetic Ammo XS,recaHfdWl414i4C2Z,,,,,,,,,,,,,,,,,,,,,
Rare Reinforced Frame XL,recaI1xHYgERcGcn3,,,,,,,,,,,,,,,,,,,,,
Plastic Honeycomb,recaR1Nvs2uCP2LZH,,,,,,,,,,,,,,,,,,,,,
Uncommon Power Transformer S,reca6RNQD8JJuJSYZ,,,,,,,,,,,,,,,,,,,,,
Missile Heavy Antimatter Ammo S,recabNw8DYkOgP6ID,,,,,,,,,,,,,,,,,,,,,
Uncommon Quantum Core,recadzvl3OiuoAPqr,,,,,,,,,,,,,,,,,,,,,
Uncommon Antenna M,recbUnQpJwAB8vG7k,,,,,,,,,,,,,,,,,,,,,
Rare Laser Chamber S,recbsdiLBlBC62p6C,,,,,,,,,,,,,,,,,,,,,
Laser Defense Electromagnetic Ammo S,recbuRwJT8ZtOlJoy,,,,,,,,,,,,,,,,,,,,,
Laser Thermic Ammo XS,recbGGwl84hlp3rD3,,,,,,,,,,,,,,,,,,,,,
Railgun Agile Antimatter Ammo L,recbGRim7pCZg8eeo,,,,,,,,,,,,,,,,,,,,,
Advanced Casing XS,recbRF1cP6zCrfqBv,,,,,,,,,,,,,,,,,,,,,
Basic Combustion Chamber M,recb9Xta6d106QKFo,,,,,,,,,,,,,,,,,,,,,
Railgun Heavy Electromagnetic Ammo S,recb9EMF1GO2WBVkG,,,,,,,,,,,,,,,,,,,,,
Uncommon Ionic Chamber XL,recbe9NbAbHRRxv5g,,,,,,,,,,,,,,,,,,,,,
Advanced Laser Chamber S,recbgMnwWKdbpvUB2,,,,,,,,,,,,,,,,,,,,,
Rare Safe Atmospheric Engine XS,recbi70qv2dv963KF,,,,,,,,,,,,,,,,,,,,,
Rare Power Transformer XL,recbqhLUuy0J9PpQN,,,,,,,,,,,,,,,,,,,,,
Nickel Scrap,recbr9qdcyPiBhQ35,,,,,,,,,,,,,,,,,,,,,
Bauxite,reccVG2Tc5eQ9O3TM,,,,,,,,,,,,,,,,,,,,,
Exotic Quantum Core,reccZmeB4iD7W9WhU,,,,,,,,,,,,,,,,,,,,,
Cannon Agile Thermic Ammo XS,recctELCnC2fScCpC,,,,,,,,,,,,,,,,,,,,,
Marble,recc4l16XYLzMsSrr,,,,,,,,,,,,,,,,,,,,,
Advanced Glass Furnace M,recc4dMtpqYg5ag9X,,,,,,,,,,,,,,,,,,,,,
Advanced Motherboard M,recc7Qa9fcV56Nslo,,,,,,,,,,,,,,,,,,,,,
Uncommon Reinforced Frame XS,reccdVXsKmGb2TPNO,,,,,,,,,,,,,,,,,,,,,
Basic Power System,reccrh4kGByZLKmt6,,,,,,,,,,,,,,,,,,,,,
Laser Defense Thermic Ammo XS,recduDg1HSojewyAR,,,,,,,,,,,,,,,,,,,,,
Cannon Precision Thermic Ammo XS,recdxaVbYypBIPGyM,,,,,,,,,,,,,,,,,,,,,
Rare Magnet,recdycqamw3OtqtTd,,,,,,,,,,,,,,,,,,,,,
Uncommon Combustion Chamber M,recdLfeSSs6EvjGJt,,,,,,,,,,,,,,,,,,,,,
Basic Explosive Module,recdMqoNeB9KY1tkL,,,,,,,,,,,,,,,,,,,,,
Basic Combustion Chamber XS,recdR8BgMAxnxsRc5,,,,,,,,,,,,,,,,,,,,,
Uncommon Casing S,recdbOS8xw26Qtea2,,,,,,,,,,,,,,,,,,,,,
Missile Defense Kinetic Ammo S,recdhlqnKh8Wkorxk,,,,,,,,,,,,,,,,,,,,,
Rare Military Space Engine S,recdh5l3N2wwZ7l89,,,,,,,,,,,,,,,,,,,,,
Rare Reinforced Frame L,recditHdJ2HgIn7EG,,,,,,,,,,,,,,,,,,,,,
Cannon Precision Thermic Ammo M,recdkBODHVea0JOtc,,,,,,,,,,,,,,,,,,,,,
Copper Honeycomb,recdpHLCkrIh3sc4n,,,,,,,,,,,,,,,,,,,,,
Missile Precision Kinetic Ammo S,recdqEyE72gHKSuV8,,,,,,,,,,,,,,,,,,,,,
Rare Optics,receVTww5FFq0xvPU,,,,,,,,,,,,,,,,,,,,,
Laser Thermic Ammo M,rece0zhwf4TVS7mH8,,,,,,,,,,,,,,,,,,,,,
Advanced Quantum Alignment Unit,recewcQojsNwK3ith,,,,,,,,,,,,,,,,,,,,,
Basic Antenna S,rece8uyrnkL8H8h8n,,,,,,,,,,,,,,,,,,,,,
Basic Optics,receaQLu9dMTLuLkq,,,,,,,,,,,,,,,,,,,,,
Rare Freight Space Engine XL,rececWYDrrmWGNndb,,,,,,,,,,,,,,,,,,,,,
Missile Antimatter Ammo M,receceUcXY0OHH46g,,,,,,,,,,,,,,,,,,,,,
Basic Control System XS,reced1AdpWYhYEryP,,,,,,,,,,,,,,,,,,,,,
Missile Antimatter Ammo L,receqUxJQPEtuz0IV,,,,,,,,,,,,,,,,,,,,,
Advanced Safe Atmospheric Engine XS,recfUgOen3IxjkpIB,,,,,,,,,,,,,,,,,,,,,
Advanced Assembly Line M,recf1uoUc4bfa0H8E,,,,,,,,,,,,,,,,,,,,,
Rare Freight Space Engine XS,recfw5U71QaMBipJO,,,,,,,,,,,,,,,,,,,,,
Advanced Screen XS,recfw9iWxosQR56Vg,,,,,,,,,,,,,,,,,,,,,
Rare Honeycomb Refinery M,recfMw7GzLadxcjWz,,,,,,,,,,,,,,,,,,,,,
Cannon Thermic Ammo XS,recfO2f2yULeUyaIZ,,,,,,,,,,,,,,,,,,,,,
Advanced Refiner M,recfQHyVNuHBdcqP1,,,,,,,,,,,,,,,,,,,,,
Carbonfiber Honeycomb,recf29l9YSWL3axfY,,,,,,,,,,,,,,,,,,,,,
Cannon Agile Thermic Ammo M,recfcJxjscOdTZ6IM,,,,,,,,,,,,,,,,,,,,,
Uncommon Combustion Chamber XS,recfexkDvxpS0gN4y,,,,,,,,,,,,,,,,,,,,,
Missile Precision Antimatter Ammo XS,recfohn0WLmdrtaLb,,,,,,,,,,,,,,,,,,,,,
Pipe B M,recfqoWD1cNGN6h8H,,,,,,,,,,,,,,,,,,,,,
